Supplementary Table 10. DNA barcode of PRESTO-Salsa reporter plasmids.,,
Well,Plasmid,Barcode
Plate?1?/ A / 1,ADCYAP1R1-Tango,TCAGTTAGAC
Plate?1?/ A / 2,ADRA2A-Tango,CCCCCATTAC
Plate?1?/ A / 3,APJ-Tango,CATAATAACA
Plate?1?/ A / 4,C5A-Tango,GAACCCTGTA
Plate?1?/ A / 5,CCR3-Tango,CGTCAAGCTA
Plate?1?/ A / 6,CHRM1-Tango,GTCTTCCGCC
Plate?1?/ A / 7,CRHR1-Tango,CTACTGTACC
Plate?1?/ A / 8,CXCR6-Tango,CAAACGCAAG
Plate?1?/ A / 9,DRD5-Tango,CGCAAAGCTC
Plate?1?/ A / 10,FFA1-Tango,CACACTACCG
Plate?1?/ A / 11,GAL1-Tango,GCAATCCGCT
Plate?1?/ A / 12,GLP2R-Tango,CTTCATAGGG
Plate?1?/ B / 1,ADORA1-Tango,CCCAAAACTT
Plate?1?/ B / 2,ADRA2B-Tango,CCGACGTATC
Plate?1?/ B / 3,AVPR1A-Tango,AGCACGGGGT
Plate?1?/ B / 4,CALCRb-Tango,TCGGCGACAC
Plate?1?/ B / 5,CCR4-Tango,TGAATCCCCA
Plate?1?/ B / 6,CHRM2-Tango,ACTCCCGGAC
Plate?1?/ B / 7,CRHR2-Tango,TATAGACTCG
Plate?1?/ B / 8,CXCR7-Tango,TTTGTGCCCC
Plate?1?/ B / 9,EDNRA-Tango,CCACCTATCC
Plate?1?/ B / 10,FFA2-Tango,ATGTACGCAG
Plate?1?/ B / 11,GAL2-Tango,CCCCCTATAA
Plate?1?/ B / 12,GNRHR-Tango,TCACAAATCC
Plate?1?/ C / 1,ADORA2A-Tango,GCTCCATTCG
Plate?1?/ C / 2,ADRA2C-Tango,CGAGACCCGC
Plate?1?/ C / 3,AVPR1B-Tango,CCGAATGAAC
Plate?1?/ C / 4,CALCRL-Tango,GACGGTGGTG
Plate?1?/ C / 5,CCR5-Tango,CGGAGCACCC
Plate?1?/ C / 6,CHRM3-Tango,GGTTATGGAC
Plate?1?/ C / 7,CX3C1-Tango,CCGATCATAT
Plate?1?/ C / 8,CYSLTR1-Tango,CCCGACGGGG
Plate?1?/ C / 9,EDNRB-Tango,CCCACCAAAC
Plate?1?/ C / 10,FFA3-Tango,CTCCACAAAA
Plate?1?/ C / 11,GAL3-Tango,TCCCAGGAAG
Plate?1?/ C / 12,GPBA-Tango,AGAGTGGTAT
Plate?1?/ D / 1,ADORA2B-Tango,CCCGAGAACT
Plate?1?/ D / 2,ADRB1-Tango,CCGGTGTCCA
Plate?1?/ D / 3,AVPR2-Tango,CGGCTCAGGA
Plate?1?/ D / 4,CASR-Tango,ACCTCTGGCC
Plate?1?/ D / 5,CCR6-Tango,CCCGCAGCGA
Plate?1?/ D / 6,CHRM4-Tango,CAACCATACC
Plate?1?/ D / 7,CXCR1-Tango,CGAATGATCG
Plate?1?/ D / 8,CYSLTR2-Tango,AAGCGGCCCA
Plate?1?/ D / 9,ELTD1-Tango,ACGTCCCATA
Plate?1?/ D / 10,FPR1-Tango,CTCCTCCGAC
Plate?1?/ D / 11,GCGR-Tango,TCAGCGACCA
Plate?1?/ D / 12,GPER-Tango,GCACCTCATT
Plate?1?/ E / 1,ADORA3-Tango,CCCGCGCAAA
Plate?1?/ E / 2,ADRB2-Tango,GGCTGCGGGG
Plate?1?/ E / 3,BB3-Tango,AGGCCTTCGA
Plate?1?/ E / 4,CCKAR-Tango,CTATGGGAAT
Plate?1?/ E / 5,CCR7-Tango,CGCTATACAA
Plate?1?/ E / 6,CHRM5-Tango,TGGTTTGCGA
Plate?1?/ E / 7,CXCR2-Tango,CGCCGCCTTA
Plate?1?/ E / 8,DRD1-Tango,CGAACCCAGA
Plate?1?/ E / 9,F2R-Tango,AACCTAGGCA
Plate?1?/ E / 10,FPR2-Tango,GCAAAATTCT
Plate?1?/ E / 11,GHRHR-Tango,CGCTATGCGT
Plate?1?/ E / 12,GPR1-Tango,CTATGCATCC
Plate?1?/ F / 1,ADRA1A-Tango,CCACCACGAT
Plate?1?/ F / 2,ADRB3-Tango,GTTGGAGTCC
Plate?1?/ F / 3,BDKBR1-Tango,CAGGCCTGAT
Plate?1?/ F / 4,CCKBR-Tango,AGAATGTGCC
Plate?1?/ F / 5,CCR8-Tango,CGATTGATAA
Plate?1?/ F / 6,CMKLR1-Tango,CTGACAAAAG
Plate?1?/ F / 7,CXCR3-Tango,CAGTTCCGGT
Plate?1?/ F / 8,DRD2-Tango,GCCTGTCTCA
Plate?1?/ F / 9,F2RL1-Tango,GCTCCCACTT
Plate?1?/ F / 10,FPR3-Tango,GGGACCTATC
Plate?1?/ F / 11,GHSR-Tango,ACCCGCCCGT
Plate?1?/ F / 12,GPR101-Tango,ACCCTGGCAA
Plate?1?/ G / 1,ADRA1B-Tango,GGCCGCTGGA
Plate?1?/ G / 2,AGTR1-Tango,CCTCGCACGG
Plate?1?/ G / 3,BDKBR2-Tango,CTATCTTTGG
Plate?1?/ G / 4,CCR10-Tango,CCGCGTGCCC
Plate?1?/ G / 5,CCRL2-Tango,TCACACTCAC
Plate?1?/ G / 6,CNR1-Tango,AACACGACAG
Plate?1?/ G / 7,CXCR4-Tango,ACCAGTACAA
Plate?1?/ G / 8,DRD3-Tango,AAGTTTAACC
Plate?1?/ G / 9,F2RL2-Tango,TAGATCGGAC
Plate?1?/ G / 10,FSHR-Tango,ATTATGAGCC
Plate?1?/ G / 11,GIPR-Tango,AGGCTTCGGT
Plate?1?/ G / 12,GPR110-Tango,TGCTGCTTCC
Plate?1?/ H / 1,ADRA1D-Tango,CCTTCCTGTT
Plate?1?/ H / 2,AGTR2-Tango,CGAACCGTAG
Plate?1?/ H / 3,C3AR1-Tango,AAGGTCCTCC
Plate?1?/ H / 4,CCR2-Tango,GCTGAGGATA
Plate?1?/ H / 5,CD97-Tango,GGATTCGCTG
Plate?1?/ H / 6,CNR2-Tango,CTCCAACCTA
Plate?1?/ H / 7,CXCR5-Tango,GCGAATAACA
Plate?1?/ H / 8,DRD4-Tango,TTCATGGTTA
Plate?1?/ H / 9,F2RL3-Tango,CGATTCTGAT
Plate?1?/ H / 10,GABBR1-Tango,ACAGGCGAGA
Plate?1?/ H / 11,GLP1R-Tango,AGAACGGCAT
Plate?1?/ H / 12,GPR111-Tango,CACGGCTAAC
Plate?2?/ A / 1,GPR113-Tango,CAGAACCTAA
Plate?2?/ A / 2,GPR124-Tango,CGCCGCAAGG
Plate?2?/ A / 3,GPR143-Tango,CAGACGGCTC
Plate?2?/ A / 4,GPR152-Tango,CCGCCCGATC
Plate?2?/ A / 5,GPR17-Tango,GCCCCCGGCC
Plate?2?/ A / 6,GPR20-Tango,AGAAAACACG
Plate?2?/ A / 7,GPR32-Tango,GCTGCATCCC
Plate?2?/ A / 8,GPR45-Tango,CACAAATAAA
Plate?2?/ A / 9,GPR63-Tango,AAAAACCGCC
Plate?2?/ A / 10,GPR83-Tango,TTTCCCTCCCC
Plate?2?/ A / 11,GPRC5C-Tango,TCATGCGATA
Plate?2?/ A / 12,GRM7-Tango,CTCAACAGCG
Plate?2?/ B / 1,GPR114-Tango,AATGATCGGG
Plate?2?/ B / 2,GPR125-Tango,CCCACTGGCC
Plate?2?/ B / 3,GPR144-Tango,ACCTGAGCAA
Plate?2?/ B / 4,GPR153-Tango,TTCACAGGCA
Plate?2?/ B / 5,GPR171-Tango,AAATTAGCGA
Plate?2?/ B / 6,GPR21-Tango,GTAACAACAA
Plate?2?/ B / 7,GPR34-Tango,CTGCGAACCC
Plate?2?/ B / 8,GPR50-Tango,CGCCAGACTA
Plate?2?/ B / 9,GPR64-Tango,GGATAAGGGT
Plate?2?/ B / 10,GPR84-Tango,CAGATCAAAC
Plate?2?/ B / 11,GPRC5D-Tango,ATAACAAGAA
Plate?2?/ B / 12,GRM8-Tango,CAGACAAGCT
Plate?2?/ C / 1,GPR115-Tango,CTCCGAAGCC
Plate?2?/ C / 2,GPR126-Tango,GTTAAACTGC
Plate?2?/ C / 3,GPR146-Tango,GAGACGGCTT
Plate?2?/ C / 4,GPR156-Tango,AAGCAAGAGC
Plate?2?/ C / 5,GPR173-Tango,CGATGAGTTC
Plate?2?/ C / 6,GPR22-Tango,CGCCAACACT
Plate?2?/ C / 7,GPR35-Tango,GACGAAAGAG
Plate?2?/ C / 8,GPR52-Tango,AAAACGTGCG
Plate?2?/ C / 9,GPR65-Tango,GCGACCCAAG
Plate?2?/ C / 10,GPR85-Tango,AACAGCGGAT
Plate?2?/ C / 11,GPRC6A-Tango,ATTCCGCTGG
Plate?2?/ C / 12,GRPR-Tango,CCGTGCGGTG
Plate?2?/ D / 1,GPR116-Tango,GAGTCTGCCC
Plate?2?/ D / 2,GPR132-Tango,TCCGTCGGGC
Plate?2?/ D / 3,GPR148-Tango,CTAAATACAA
Plate?2?/ D / 4,GPR157-Tango,TGCGGAAGAG
Plate?2?/ D / 5,GPR174-Tango,AACCCTAAGA
Plate?2?/ D / 6,GPR25-Tango,TCCCCTGATC
Plate?2?/ D / 7,GPR37-Tango,GACATTATGG
Plate?2?/ D / 8,GPR55-Tango,CAAAAGATAC
Plate?2?/ D / 9,GPR68-Tango,AACCAGAGAG
Plate?2?/ D / 10,GPR87-Tango,CCTGCCGAAC
Plate?2?/ D / 11,GRM1-Tango,CTGAGCGGCC
Plate?2?/ D / 12,HCA1-Tango,CGAACCTCTC
Plate?2?/ E / 1,GPR119-Tango,CGCGTCCATT
Plate?2?/ E / 2,GPR133-Tango,TTGTTTGTCC
Plate?2?/ E / 3,GPR149-Tango,GATGCACCAA
Plate?2?/ E / 4,GPR158-Tango,CCCATCGGTT
Plate?2?/ E / 5,GPR18-Tango,GTACCGGAAC
Plate?2?/ E / 6,GPR26-Tango,CCATCACCCC
Plate?2?/ E / 7,GPR37L1-Tango,AAGCCACGTT
Plate?2?/ E / 8,GPR56-Tango,AGATTGTAAA
Plate?2?/ E / 9,GPR75-Tango,CCAGACATCA
Plate?2?/ E / 10,GPR88-Tango,CAGTCAGGTT
Plate?2?/ E / 11,GRM2-Tango,GAGACGAGAG
Plate?2?/ E / 12,HCA2-Tango,ACTGTGACAA
Plate?2?/ F / 1,GPR12-Tango,AGACGTCAGA
Plate?2?/ F / 2,GPR135-Tango,TGCACCAGTG
Plate?2?/ F / 3,GPR15-Tango,CAGGCGCGAC
Plate?2?/ F / 4,GPR160-Tango,CACCCGACGG
Plate?2?/ F / 5,GPR182-Tango,GCGAATACCT
Plate?2?/ F / 6,GPR27-Tango,AAACAAAGCT
Plate?2?/ F / 7,GPR39-Tango,CCCATATTCC
Plate?2?/ F / 8,GPR6-Tango,ATGAGGTTGA
Plate?2?/ F / 9,GPR77-Tango,CTAACCACAT
Plate?2?/ F / 10,GPR97-Tango,CACGCCCCAC
Plate?2?/ F / 11,GRM4-Tango,GTGCCAGGGG
Plate?2?/ F / 12,HCA3-Tango,CGGCGCGTAG
Plate?2?/ G / 1,GPR120-Tango,AAGGGAAGGG
Plate?2?/ G / 2,GPR141-Tango,ACCAAGAACA
Plate?2?/ G / 3,GPR150-Tango,GCCGCTTCTG
Plate?2?/ G / 4,GPR161-Tango,CGAATTATCC
Plate?2?/ G / 5,GPR183-Tango,GGGTAGAGGT
Plate?2?/ G / 6,GPR3-Tango,CCAAAGTCCC
Plate?2?/ G / 7,GPR4-Tango,GTCCCAAGTT
Plate?2?/ G / 8,GPR61-Tango,AGTTTGAGTG
Plate?2?/ G / 9,GPR78-Tango,ATGACACAAG
Plate?2?/ G / 10,GPRC5A-Tango,TGCATGATAG
Plate?2?/ G / 11,GRM5-Tango,AGCGTCCTTA
Plate?2?/ G / 12,HCTR1-Tango,GACGCGTTCT
Plate?2?/ H / 1,GPR123-Tango,CAACGAGGAG
Plate?2?/ H / 2,GPR142-Tango,CCAGGTACCT
Plate?2?/ H / 3,GPR151-Tango,TTCACTTTTC
Plate?2?/ H / 4,GPR162-Tango,CTCGGATACT
Plate?2?/ H / 5,GPR19-Tango,GCTTTCGTAT
Plate?2?/ H / 6,GPR31-Tango,CAAGATAACG
Plate?2?/ H / 7,GPR44-Tango,ACTCGTAATC
Plate?2?/ H / 8,GPR62-Tango,CCCTTCATCC
Plate?2?/ H / 9,GPR82-Tango,GCATAGCACT
Plate?2?/ H / 10,GPRC5B-Tango,CGTGATCCTT
Plate?2?/ H / 11,GRM6-Tango,GCGAGTATAA
Plate?2?/ H / 12,HCTR2-Tango,GACGGGGGTC
Plate?3?/ A / 1,HRH1-Tango,GTGGCCCTCT
Plate?3?/ A / 2,HTR1F-Tango,AATGGCGCGA
Plate?3?/ A / 3,KISSPEPTIN-R-Tango,CTGAGGCTGC
Plate?3?/ A / 4,LTB4R2B-Tango,CCAGAACCCC
Plate?3?/ A / 5,MCHR1-Tango,TTGGGGGGGT
Plate?3?/ A / 6,MRGPRX2-Tango,CCCACCTACG
Plate?3?/ A / 7,NPBW1-Tango,GGCCCTGGAC
Plate?3?/ A / 8,NPY5R-Tango,CGAATTACCC
Plate?3?/ A / 9,OPRM1-Tango,CTTATGCCCC
Plate?3?/ A / 10,P2RY13-Tango,CATCTGCTTC
Plate?3?/ A / 11,PRRP-Tango,AACACAGCGA
Plate?3?/ A / 12,PTGIR-Tango,TGAAGCCGCT
Plate?3?/ B / 1,HRH2-Tango,CATAATCCCA
Plate?3?/ B / 2,HTR2A-Tango,ATATACACCA
Plate?3?/ B / 3,LHCGR-Tango,CCTAAAAGAG
Plate?3?/ B / 4,MAS1-Tango,TTATTAGGCC
Plate?3?/ B / 5,MCHR2-Tango,TCCAGCTAGC
Plate?3?/ B / 6,MRGPRX3-Tango,GTGGATATTA
Plate?3?/ B / 7,NPBW2-Tango,CAAGCCATAC
Plate?3?/ B / 8,NTSR1-Tango,CAAACGATCG
Plate?3?/ B / 9,OXER1-Tango,GTCGGGATAA
Plate?3?/ B / 10,P2RY14-Tango,CTCTACGATG
Plate?3?/ B / 11,PTAFR-Tango,AAACGCTGGA
Plate?3?/ B / 12,PTH1R-Tango,TCATGCAACA
Plate?3?/ C / 1,HRH3-Tango,CCAACCCGTA
Plate?3?/ C / 2,HTR2B-Tango,CCGACATTGA
Plate?3?/ C / 3,LPAR1-Tango,GCTCATCTGG
Plate?3?/ C / 4,MAS1L-Tango,AGCCCGCCTA
Plate?3?/ C / 5,MLNR-Tango,GCTCCTCCCA
Plate?3?/ C / 6,MRGPRX4-Tango,AAGGGGGGGG
Plate?3?/ C / 7,NPFF1-Tango,CACCACACCT
Plate?3?/ C / 8,NTSR2-Tango,CTGTTATACG
Plate?3?/ C / 9,OXGR1 -Tango,ACCGTCCCCG
Plate?3?/ C / 10,P2RY2-Tango,GCTAACTGGG
Plate?3?/ C / 11,PTGDR-Tango,ATTGGCGCTA
Plate?3?/ C / 12,PTH2R-Tango,CCGATCTGTC
Plate?3?/ D / 1,HRH4-Tango,CGGCTATTCC
Plate?3?/ D / 2,HTR2C-Tango,ATGCTATAGG
Plate?3?/ D / 3,LPAR2-Tango,CCATATGGCA
Plate?3?/ D / 4,MC1R-Tango,AGTGGGACGC
Plate?3?/ D / 5,MRGPRD-Tango,CCCAGGCCCG
Plate?3?/ D / 6,MTNR1A-Tango,TCCAGCACTG
Plate?3?/ D / 7,NPFF2-Tango,CATATAGTTA
Plate?3?/ D / 8,OPN3-Tango,ACGCCCTCCC
Plate?3?/ D / 9,OXTR-Tango,TCCTGCATGA
Plate?3?/ D / 10,P2RY4-Tango,GCGCGTTCCC
Plate?3?/ D / 11,PTGER1-Tango,CTGGCCCCTG
Plate?3?/ D / 12,QRFP-Tango,ATCTATCAAT
Plate?3?/ E / 1,HTR1A-Tango,CGTGGCAAGC
Plate?3?/ E / 2,HTR4-Tango,ACGAAAGAAC
Plate?3?/ E / 3,LPAR4-Tango,CAACTTATTC
Plate?3?/ E / 4,MC2R-Tango,GTCCAAATTT
Plate?3?/ E / 5,MRGPRE-Tango,TCACCTTTGT
Plate?3?/ E / 6,MTNR1B-Tango,ATAGGCAGTC
Plate?3?/ E / 7,NPS-Tango,CGTCGCCCAC
Plate?3?/ E / 8,OPN5-Tango,TCCAACCGGG
Plate?3?/ E / 9,P2RY1-Tango,TTTAATTGGT
Plate?3?/ E / 10,P2RY6-Tango,GCAGGTTAGC
Plate?3?/ E / 11,PTGER2-Tango,TGGTTCTTGG
Plate?3?/ E / 12,RXFP1-Tango,GCCTCCACCT
Plate?3?/ F / 1,HTR1B-Tango,TCATTACGAC
Plate?3?/ F / 2,HTR5-Tango,CCTCAAGGTC
Plate?3?/ F / 3,LPAR5-Tango,CGTCCAAAAA
Plate?3?/ F / 4,MC3R-Tango,CTATTCCCGA
Plate?3?/ F / 5,MRGPRF-Tango,AAAACCAAGA
Plate?3?/ F / 6,NMBR-Tango,TCACGTCCCG
Plate?3?/ F / 7,NPY1R-Tango,CCTGCACACA
Plate?3?/ F / 8,OPRD1-Tango,CTGGTTGGCT
Plate?3?/ F / 9,P2RY10-Tango,GAACGCCCTC
Plate?3?/ F / 10,P2RY8-Tango,CGACGGTCAG
Plate?3?/ F / 11,PTGER3-Tango,GACTTTGGTC
Plate?3?/ F / 12,RXFP2-Tango,GAACCCGCGA
Plate?3?/ G / 1,HTR1D-Tango,CCGATGAGGT
Plate?3?/ G / 2,HTR6-Tango,GGCGAGTGAT
Plate?3?/ G / 3,LPAR6-Tango,CCTGCCCGAG
Plate?3?/ G / 4,MC4R-Tango,CCAGGCTTAC
Plate?3?/ G / 5,MRGPRG-Tango,AAAAAACAGG
Plate?3?/ G / 6,NMUR1-Tango,CATAGTTCCC
Plate?3?/ G / 7,NPY2R-Tango,TCGCCGCCTC
Plate?3?/ G / 8,OPRK1-Tango,CACCGGAGGA
Plate?3?/ G / 9,P2RY11-Tango,CAACCATAAG
Plate?3?/ G / 10,PK1-Tango,CCGGTGCCCG
Plate?3?/ G / 11,PTGER4-Tango,CCTGACGTGC
Plate?3?/ G / 12,RXFP3-Tango,CCCCCCTTGC
Plate?3?/ H / 1,HTR1E-Tango,ATCCTGACAA
Plate?3?/ H / 2,HTR7-Tango,AAGGGCCACG
Plate?3?/ H / 3,LTB4R-Tango,ATGCCCGAGC
Plate?3?/ H / 4,MC5R-Tango,CTTAACGCAC
Plate?3?/ H / 5,MRGPRX1-Tango,ATACAGTGTC
Plate?3?/ H / 6,NMUR2-Tango,TCGGGCTCAT
Plate?3?/ H / 7,NPY4R-Tango,CCCTCAGTAC
Plate?3?/ H / 8,OPRL1-Tango,CCTATACCCG
Plate?3?/ H / 9,P2RY12-Tango,CAAGGTCCCG
Plate?3?/ H / 10,PK2-Tango,TGCATTGTTG
Plate?3?/ H / 11,PTGFR-Tango,TCCTCATCCG
Plate?3?/ H / 12,RXFP4-Tango,CCATCATCCC
Plate?4?/ A / 1,S1PR1-Tango,CAGACAGGAC
Plate?4?/ A / 2,SSTR3-Tango,ATGCCAAGAA
Plate?4?/ A / 3,TAAR8-Tango,AGATCAAGAG
Plate?4?/ A / 4,VIPR1-Tango,CGGGTCACCG
Plate?4?/ A / 5,TAS2R41-Tango,CGGCTCGGTT
Plate?4?/ A / 6,GPR139-Tango,ACCATGCCTA
Plate?4?/ A / 7,XCR1-Tango,TGATTGTTGG
Plate?4?/ A / 8,TAS2R50-Tango,CATACCCTGC
Plate?4?/ A / 9,ADGRE2-Tango,TGTGACGTCA
Plate?4?/ A / 10,ACKR1-Tango,TCGAAGTCCC
Plate?4?/ A / 11,GPR33-Tango,TTAAGACACC
Plate?4?/ A / 12,CCR1-Tango,CGGCTTGAAT
Plate?4?/ B / 1,S1PR2-Tango,AATGGCGCCC
Plate?4?/ B / 2,SSTR4-Tango,TCTCAACAGA
Plate?4?/ B / 3,TAAR9-Tango,CACGCGTCCA
Plate?4?/ B / 4,VIPR2-Tango,TGTTAACGCC
Plate?4?/ B / 5,VNIR1-Tango,GCTACCACGA
Plate?4?/ B / 6,TAS2R14-Tango,TCCCCCATAC
Plate?4?/ B / 7,OPNILW-Tango,CCACGACTGA
Plate?4?/ B / 8,TAS2R41-Tango,CGTTGACCTT
Plate?4?/ B / 9,TAS2R19-Tango,GGGAAGTCCT
Plate?4?/ B / 10,TAS2R20-Tango,GGCCCGGGTT
Plate?4?/ B / 11,FZD6-Tango,GCCGGACGTT
Plate?4?/ B / 12,TAS2R37-Tango,GCCAACCACA
Plate?4?/ C / 1,S1PR4-Tango,GCGAATCCAC
Plate?4?/ C / 2,SSTR5-Tango,GCAATTGCGA
Plate?4?/ C / 3,TACR1-Tango,TGCGTACGCT
Plate?4?/ C / 4,TAS2R16-Tango,CTACCGAGTT
Plate?4?/ C / 5,ADGRE1-Tango,GTGGATTGGT
Plate?4?/ C / 6,OPN1SW-Tango,GAGCCACGTT
Plate?4?/ C / 7,TAS2R43-Tango,CGCGAAAAAA
Plate?4?/ C / 8,TRHR-Tango,GAGAATAACC
Plate?4?/ C / 9,TAS2R42-Tango,CCGCTTCCGT
Plate?4?/ C / 10,GPR42-Tango,ACAAATGTGC
Plate?4?/ C / 11,TAS1R2-Tango,TAAAACGCTT
Plate?4?/ C / 12,TAS2R1-Tango,CGAATTGGCC
Plate?4?/ D / 1,S1PR3-Tango,CGGTAAACCA
Plate?4?/ D / 2,SUCNR1-Tango,GGAACATGAT
Plate?4?/ D / 3,TACR2-Tango,TCGTTGCAGA
Plate?4?/ D / 4,ADGRG7-Tango,CAGAGGTGCG
Plate?4?/ D / 5,RGR-Tango,ATCTCTTTTG
Plate?4?/ D / 6,LPAR3-Tango,GTCGGGGAAA
Plate?4?/ D / 7,GPR176-Tango,AGATTCGTTC
Plate?4?/ D / 8,FZD7-Tano,ACGCGAGGGT
Plate?4?/ D / 9,TAS2R60-Tango,AGACCCGAGA
Plate?4?/ D / 10,TAS2R3-Tango,CAGACCTCTC
Plate?4?/ D / 11,ACKR2-Tango,CTCCCCAGCC
Plate?4?/ D / 12,ADGRE3-Tango,CTTTTGGACT
Plate?4?/ E / 1,S1PR5-Tango,ACACTTTTAA
Plate?4?/ E / 2,TA1-Tango,ACAAGACCCG
Plate?4?/ E / 3,TACR3-Tango,ACGCCATAAA
Plate?4?/ E / 4,TAS2R30-Tango,CAACTAAATC
Plate?4?/ E / 5,TAS2R46-Tango,CTCCTCACCA
Plate?4?/ E / 6,TAS2R7-Tango,AACCGGTCAT
Plate?4?/ E / 7,PRLHR-Tango,ATCGTGACGA
Plate?4?/ E / 8,XCR1-Tango,CCGAGTTCTC
Plate?4?/ E / 9,OPN4-Tango,CCAGAACTTC
Plate?4?/ E / 10,TAS2R40-Tango,CCACGATAGG
Plate?4?/ E / 11,TAS2R39-Tango,CCAATATGGA
Plate?4?/ E / 12,GPR107-Tango,CAACTGCTTA
Plate?4?/ F / 1,SCTR-Tango,CTGGCCACTG
Plate?4?/ F / 2,TAAR2-Tango,TGAGTAGGCC
Plate?4?/ F / 3,TBXA2R-Tango,TACGGTGGTC
Plate?4?/ F / 4,FZD10-Tango,GACATCAGAC
Plate?4?/ F / 5,LGR5-Tango,GACTACCAAC
Plate?4?/ F / 6,TAS2R5-Tango,CTTTTTTACA
Plate?4?/ F / 7,RHO-Tango,TTGGGCGATC
Plate?4?/ F / 8,FZD4-Tango,TACTATCTAC
Plate?4?/ F / 9,TAS2R9-Tango,TGTCAACCAT
Plate?4?/ F / 10,LGR4-Tango,CTCCCTGAAC
Plate?4?/ F / 11,GPR137-Tango,CTCGTCGAGA
Plate?4?/ F / 12,TAS2R38-Tango,TTCAGGTCAG
Plate?4?/ G / 1,SSTR1-Tango,TCTAACTCTA
Plate?4?/ G / 2,TAAR5-Tango,TATAGGGGCC
Plate?4?/ G / 3,TSHR-Tango,TTACAGCGTG
Plate?4?/ G / 4,OPNMW2-Tango,CTCGTGTTTC
Plate?4?/ G / 5,TAS2R8-Tango,ACACACCGAA
Plate?4?/ G / 6,FZD5-Tango,CCACTCAGCA
Plate?4?/ H / 1,SSTR2-Tango,GCAACTTCAA
Plate?4?/ H / 2,TAAR6-Tango,CGAGGCTAAG
Plate?4?/ H / 3,UTS2R-Tango,TCCCCCAGGC
,,
